PUBLIC	PUBLIC	PUBLIC	PUBLIC	PUBLIC	PUBLIC	PUBLIC	PUBLIC	PUBLIC	PUBLIC	PUBLIC
DB_LASTUPDATED_SET	S. No	Incident Location	District	State/UT	Date of incident	No. of deaths	Reason of death	Source	Date of publication	Link
SET_APRIL8	1	Agra	Agra	Uttar Pradesh	March 28,2020	1	Exhaustion, Migration	Times of India	March 28,2020	https://m.timesofindia.com/city/agra/food-delivery-boy-dies-after-walking-200-kms-to-agra-from-delhi/amp_articleshow/74864379.cms?__twitter_impression=true
SET_APRIL8	2	Kasargod	Kasargod	Kerala	March 29,2020	1	Medical Emergency, Road Blocked	Mathrubhumi	March 29,2020	https://www.mathrubhumi.com/videos/news/news-in-videos/aged-woman-dies-at-kasargod-after-k-taka-police-blocked-ambulance-1.4652365
SET_APRIL8	3	Jawahar Tola	Bhojpur	Bihar	March 27, 2020	1	Starvation, Lockdown	Kavita Krishnan, Twitter	March 28,2020	https://twitter.com/kavita_krishnan/status/1243782511693410306
SET_APRIL8	4	Pandesara	Surat	Gujarat	March 27, 2020	1	Exhaustion, Lockdown	Indian Express	March 28, 2020	https://indianexpress.com/article/india/india-coronavirus-lockdown-62-year-old-dies-after-walking-home-from-hospital-in-surat-6336202/
SET_APRIL8	5	Howrah	Howrah	West Bengal	March 26, 2020	1	Lathicharge, Lockdown	India Today	March 26, 2020	https://www.indiatoday.in/india/story/bengal-man-who-was-out-to-buy-milk-dies-after-being-beaten-up-by-police-1659842-2020-03-26
SET_APRIL8	6	Kunjathur	Manjeshwar	Kerala	March 27,2020	1	Road Blocked, Medical Emergency	The New Indian Express	March 28, 2020	https://www.newindianexpress.com/states/kerala/2020/mar/28/border-issues-heart-patient-dies-woman-gives-birth-in-ambulance-2122466.html
SET_APRIL8	7	Rasingapuram	Theni	Kerala	March 24, 2020	4	Forest Fire, Roadblock	Indian Express & The News Minute	March 25, 2020	https://www.thehindu.com/news/national/tamil-nadu/death-toll-rises-to-4-in-theni-forest-fire-tragedy/article31160605.ece
SET_APRIL8	8	Talegaon phata	Pune	Maharashtra	March 27,2020	1	Lathicharge, Lockdown	Hindustan Times	March28,2020	https://www.hindustantimes.com/cities/covid-19-probe-ordered-into-ambulance-driver-s-death-after-assault-by-policeman/story-45pj0d8MHMh4uudCnribWP.html
SET_APRIL8	10	Kasargod	Kasargod	Kerala	March 30, 2020	2	Medical Emergency, Road Blocked	Twitter, Journalist from New Indian Express	March 31,2020	https://twitter.com/george_TNIE/status/1244659252897017857
SET_APRIL8	11	Hospet	Bellary	Karnataka	March 31,2020	2	Starvation, Lockdown	Prajaavani	March 31,2020	https://www.prajavani.net/district/bellary/hosapete-hunger-death-lockdown-coronavirus-716425.html
SET_APRIL8	12	Jaipur	Jaipur	Rajastha	March 29, 2020	1	Walking, exhaustion, got sick	Beyond Headlines, Amar Ujala	March 30, 2020	https://beyondheadlines.in/2020/03/deaths-due-to-lockdown/
SET_APRIL8	13	Datia	Datiya	MP	March 26, 2020	1	Left untreated by doctor due to lockdown	Beyond Headlines, Amar Ujala	March 28, 2020	https://www.amarujala.com/madhya-pradesh/madhya-pradesh-datia-worker-did-not-get-treatment-in-lockdown-dies-in-home
SET_APRIL8	14	Sonabarighat village	Silchar, Cachar	Assam	March 28, 2020	1	Died under mysterious circumstances	News18	March 28,2020	https://www.news18.com/news/india/assam-constable-dies-in-market-family-claims-lynched-sp-differs-2555291.html
SET_APRIL8	15	Lad-Chincholi village	Aland Taluk	Karnataka	March 30, 2020	1	Farmer suicide, lockdown	Indian Express	April 1, 2020	https://www.newindianexpress.com/states/karnataka/2020/apr/01/supply-chain-breaks-farmers-in-distress-2124166.html
SET_APRIL8	16	Fariya Pipariya	Lakhimpur Kheri	Uttar Pradesh	April 1, 2020	1	Suicide, Police brutality, Lockdown	National Herald	April 2, 2020	https://www.nationalheraldindia.com/india/uttar-pradesh-dalit-youth-kills-self-after-being-tortured-by-police-for-breaking-quarantine-rule
SET_APRIL8	17	Zakir colony	Meerut	Uttar Pradesh	March 27, 2020	1	Suicide, Lockdown	Janwani	March 28, 2020	http://janwani.in/epaper_1_3_71_2020-3-28_a.html
SET_APRIL8	18	Bachupally	Hyderabad	Andra Pradesh	March 31, 2020	1	Starvation, Lockdown	New Indian Express	April 1, 2020	https://www.newindianexpress.com/cities/hyderabad/2020/apr/01/one-more-suspected-starvation-death-three-alcoholics-die-in-hyderabad-2124205.html
SET_APRIL8	19	Secunderabad	Secunderabad	Telangana	April 1, 2020	1	Exhaustion, Migration	NDTV	April 2, 2020	https://www.ndtv.com/india-news/coronavirus-covid-19-lockdown-tamil-nadu-mans-500-km-walk-amid-lockdown-becomes-his-last-2205155
SET_APRIL8	20	Mountainous peak over Jawahar Tunnel	Anantnag	JK	March 31, 2020	3	Buried under snow, Roadblock, Migration	The Indian Express	April 2, 2020	https://indianexpress.com/article/india/jammu-and-kashmir-tunnel-blocked-migrants-die-of-cold-on-mountain-route/
SET_APRIL8	21	Sangrampur village	Ramgarh	Jharkhand	April 2, 2020	1	Starvation, Lockdown	TelegraphIndia	April 3, 2020	https://www.telegraphindia.com/states/jharkhand/coronavirus-pandemic-hunger-death-cry-in-ramgarh-finger-at-lockdown/cid/1761524
SET_APRIL8	22	Maheshwar block	Khargoan	Madhya Pradesh	April 4, 2020	1	Police beating	Janjwar	April 4,2020	https://janjwar.com/post/police-beat-up-tribal-youth-who-went-to-ration-in-madhya-pradesh-died-in-hospital
SET_APRIL8	23	Ujjain	Ujjain	Madhya Pradesh	April 5, 2020	1	Medical Negligance, ICU closed	NDTV	April 5,2020	https://khabar.ndtv.com/news/india/lockdown-icu-was-locked-critically-ill-woman-died-outside-the-gate-2206161
SET_APRIL8	24	Numaish Maidan, Bannadevi Thana	Aligarh	Uttar Pradesh	April 4,2020	1	Lack of treatment, lockdown	Amar Ujala	April 5, 2020	https://www.amarujala.com/uttar-pradesh/aligarh/aligarh-lockdown-news-poor-man-died-as-he-did-not-get-proper-treatment
SET_APRIL8	25	Batala	Gurdaspur	Punjab		1	suicide, lack of work & food	Dainik Bhaskar	April 5, 2020	https://archive.org/details/NonVirusDeaths
SET_APRIL8	26	Kaarun village	Gadhwa	Jharkhand	April 4, 2020	1	Starvation, Lockdown	Live Hundustan	April 6, 2020	https://www.livehindustan.com/jharkhand/ranchi/story-sad-woman-dies-in-garhwa-husband-claims-hunger-killed-3131172.html
SET_APRIL8	27	Dehri-on-Sone	Rohtas	Bihar	April 8, 2020	1	Exhausation, Migration	TelegraphIndia	April 3, 2020	https://www.telegraphindia.com/india/coronavirus-lockdown-migrant-dies-on-walk-home/cid/1761591
SET_APRIL8	28	Manimajra	Chandigarh	Chandigarh	April 1, 2020	1	Police beating	Times of India	April 3, 2020	https://timesofindia.indiatimes.com/city/chandigarh/chandigarh-woman-out-to-buy-medicines-dies-relatives-attack-cops/articleshow/74941006.cms
SET_APRIL8	29	Ballary	Ballary	Karnataka	April 5, 2020	1	Starvation, Migration, Lockdown	Vijaya Karnataka	April 7, 2020	https://vijaykarnataka.com/news/bellary/lockdown-in-karnataka-29-year-old-sindhanur-woman-dies-after-try-to-reach-home-by-walk-from-bengaluru/articleshow/75020447.cms
SET_APRIL8	1	Pakbada Ilaka	Moradabad	Uttar Pradesh	March 28,2020	1	Road accident, Migration	Wire (Hindi)	March 30,2020	http://thewirehindi.com/115435/coronavirus-lockdown-factory-worker-died-on-the-way-to-home/
SET_APRIL8	2	Gwalior	Gwalior	Madhya Pradesh	March 30, 2020	1	Walking, Road Accident	Nai Dunia (Hindi)	March 31, 2020	https://www.naidunia.com/madhya-pradesh/gwalior-he-5444895
SET_APRIL8	3	Rampur	Rampur	Uttar Pradesh	March 29, 2020	1	Lockdown, road accident	Beyond Headlines, Amar Ujala	March 29, 2020	https://beyondheadlines.in/2020/03/deaths-due-to-lockdown/
SET_APRIL8	4	Highway, near Delhi Gate Police station	Aligarh	Uttar Pradesh	March 26, 2020	1	Lockdown, road accident	Jagran	March 28, 2020	https://www.jagran.com/uttar-pradesh/hathras-an-unknown-vehicle-was-thrashed-the-laborer-coming-from-noida-outraged-by-death-20145590.html
SET_APRIL8	5	Deograh	Deograh	Orissa	March 27,2020	1	Road accident, Migration	Beyong Headline	March 31, 2020	https://beyondheadlines.in/2020/03/deaths-due-to-lockdown/
SET_APRIL8	6	Bridge on the Daman-Ganga river between Vapi and Karambeli railway station	Vapi	Gujarat	March 28,2020	2	Road accident, Migration	Times of India	March 29,2020	https://timesofindia.indiatimes.com/city/surat/speeding-goods-train-kills-two-women-labourers-at-vapi/articleshow/74867702.cms
SET_APRIL8	7	Kushalgarh	Kushalgarh	Rajasthan		1	Road accident, Migration	Nai Dunia (Hindi)	March 27,2020	https://www.naidunia.com/madhya-pradesh/jhabua-jhabua-news-5434877
SET_APRIL8	8	Panchgaon Chowk, Manesar	Gurgaon	Haryana	March 28,2020	5	Road accident, Migration	Beyong Headline	March 31, 2020	https://beyondheadlines.in/2020/03/deaths-due-to-lockdown/
SET_APRIL8	9	Kundli–Manesar–Palwal (KMP) Expressway	Gurgaon	Haryana	March 26,2020	1	Road accident, Migration	Beyong Headline	March 31, 2020	https://beyondheadlines.in/2020/03/deaths-due-to-lockdown/
SET_APRIL8	10	-	Sonipat	Haryana		1	Road accident, Migration	Beyong Headline	March 31, 2020	https://beyondheadlines.in/2020/03/deaths-due-to-lockdown/
SET_APRIL8	11	Sakatpur	Gurgaon	Haryana		3	Stuck under a pit during Migration, Asphyxiation	Times of India	March 31, 2020	https://timesofindia.indiatimes.com/city/gurgaon/gurugram-three-buried-in-15-foot-deep-pit-while-walking-home/articleshow/74903630.cms?utm_campaign=andapp&utm_medium=referral&utm_source=native_share_tray
SET_APRIL8	12	Srinagar	Guntur	Andhra Pradesh	April 1, 2020	1	Road accident	New Indian Express	April 2,2020	https://www.newindianexpress.com/states/andhra-pradesh/2020/apr/02/telangana-youngster-on-bike-dies-in-attempt-to-flee-from-police-at-andhra-border-2124762.html
SET_APRIL8	3	Kundli–Manesar–Palwal (KMP) Expressway	-	Haryana	March 29,2020	4	Road accident, Migration	National Herald	March 29,2020	https://www.nationalheraldindia.com/india/coronavirus-live-updates-covid-19-india-wuhan-us-italy-who-alert-novel-coronavirus-latest-news-29th-march
SET_APRIL8	4	Pedda Golconda (Outer Ring Road)	Hyderabad	Telangana	March 27, 2020	8	Road accident, Migration	Indian Express	March 28,2020	https://indianexpress.com/article/cities/hyderabad/india-lockdown-hyderabad-migrant-labourers-accident-6335807/?fbclid=IwAR3cSta5cPjibyt52giqm76vJRx9_Thuxjo39SmdBPkYnQmvbyYWTjEAN2M
SET_APRIL8	8	Bharol village, Virar	Mumbai	Maharashtra	March 28, 2020	4	Road accident, Migration	Indian Express	March 28, 2020	https://indianexpress.com/article/cities/mumbai/four-migrants-run-over-by-a-truck-in-virar-6336120/
SET_APRIL8	1	Madhugiri	Tumkur	Karnataka	March 29,2020	1	Suicide, Lockdown	Prajaavaani	March 29,2020	https://www.prajavani.net/stories/stateregional/no-liquor-ban-man-attempted-to-suicide-715881.html
SET_APRIL8	2	Hosur	Hubballi	Karnataka	March 29,2020	1	Suicide, Lockdown	Public TV	March 29,2020	https://publictv.in/corona-virus-police-alcohol-bidar-mangaluru/amp
SET_APRIL8	3	Kadaba	Dakshina Kannada	Karnataka	March 29,2020	2	Suicide, Lockdown	Public TV	March 29,2020	https://publictv.in/corona-virus-police-alcohol-bidar-mangaluru/amp
SET_APRIL8	4	Bhalki	Bidar	Karnataka	March 29,2020	1	Suicide, Lockdown	Public TV	March 29,2020	https://publictv.in/corona-virus-police-alcohol-bidar-mangaluru/amp
SET_APRIL8	5	Balanagar	Hyderabad	Telangana	March 29,2020	1	Suicide, Lockdown	Telangana Today	March 29,2020	https://telanganatoday.com/unable-to-get-liquor-man-hangs-self-in-hyderabad
SET_APRIL8	6	Thrissur	Thrissur	Kerala	March 27,2020	1	Suicide, Lockdown	News18	March 29,2020	https://www.news18.com/news/india/a-different-sort-of-tragedy-strikes-kerala-during-covid-19-lockdown-due-to-non-availability-of-alcohol-2556049.html
SET_APRIL8	7	Kochi	Kochi	Kerala	March 27,2020	1	Suicide, Lockdown	News18	March 29,2020	https://www.news18.com/news/india/a-different-sort-of-tragedy-strikes-kerala-during-covid-19-lockdown-due-to-non-availability-of-alcohol-2556049.html
SET_APRIL8	8	Kollam	Kollam	Kerala	March 28,2020	2	Suicide, Lockdown	News18	March 29,2020	https://www.news18.com/news/india/a-different-sort-of-tragedy-strikes-kerala-during-covid-19-lockdown-due-to-non-availability-of-alcohol-2556049.html
SET_APRIL8	9	Kannur	Kannur	Kerala	March 28,2020	1	Suicide, Lockdown	News18	March 29,2020	https://www.news18.com/news/india/a-different-sort-of-tragedy-strikes-kerala-during-covid-19-lockdown-due-to-non-availability-of-alcohol-2556049.html
SET_APRIL8	10	Kochi	Kochi	Kerala	March 28,2020	1	Suicide, Lockdown	News18	March 29,2020	https://www.news18.com/news/india/a-different-sort-of-tragedy-strikes-kerala-during-covid-19-lockdown-due-to-non-availability-of-alcohol-2556049.html
SET_APRIL8	11		Thiruvananthapuram	Kerala	March 29,2020	1	Suicide, Lockdown	News18	March 29,2020	https://www.news18.com/news/india/a-different-sort-of-tragedy-strikes-kerala-during-covid-19-lockdown-due-to-non-availability-of-alcohol-2556049.html
SET_APRIL8	12		Tangapani	Chhattisgarh	March 30,2020	1	Suicide, Home Qurantine	TimesOfIndia	March 30,2020	https://m.timesofindia.com/city/raipur/chhattisgarh-covid-19-suspect-under-home-quarantine-commits-suicide-in-dhamtari/amp_articleshow/74899263.cms
SET_APRIL8	13	Kottaipattinam	Pudukkottai	Tamil Nadu	April 5, 2020	2	Death, withdrawal symptoms, drank aftershave	New Indian express	April 4, 2020	https://www.newindianexpress.com/states/tamil-nadu/2020/apr/04/craving-alcohol-amid-lockdown-two-tn-men-die-after-drinking-aftershave-mixed-with-soda-2125733.html
SET_APRIL8	14	Hyderabad	Hyderabad	Telangana	March 27,2020	1	Suicide, Lockdown	New Indian express	March 28, 2020	https://www.newindianexpress.com/cities/hyderabad/2020/mar/28/hyderabad-tippler-commits-suicide-upset-at-not-getting-liquor-during-lockdown-2122690.html
SET_APRIL8	15	Hyderabad	Hyderabad	Telangana		1	Suicide, Lockdown	New Indian express	March 28, 2020	https://www.newindianexpress.com/states/telangana/2020/mar/28/as-covid-19-turns-telangana-dry-alcoholic-commits-suicide-2122527.html
SET_APRIL8	16	Dundigal	Hyderbad	Andra Pradesh	March 31,2020	1	Withdrawal	New Indian Express	April 1,2020	https://www.newindianexpress.com/cities/hyderabad/2020/apr/01/one-more-suspected-starvation-death-three-alcoholics-die-in-hyderabad-2124205.html
SET_APRIL8	17	Malkajgiri	Hyderbad	Andra Pradesh	March 31,2020	1	Withdrawal	New Indian Express	April 1,2020	https://www.newindianexpress.com/cities/hyderabad/2020/apr/01/one-more-suspected-starvation-death-three-alcoholics-die-in-hyderabad-2124205.html
SET_APRIL8	18	Lallaguda	Secunderabad	Andra Pradesh	March 31,2020	1	Withdrawal	New Indian Express	April 1,2020	https://www.newindianexpress.com/cities/hyderabad/2020/apr/01/one-more-suspected-starvation-death-three-alcoholics-die-in-hyderabad-2124205.html
SET_APRIL8	19	Kodungaloor	Thrissur	Kerala	March 29, 2020	1	Suicide, Withdrawal	New Indian Express	March 29, 2020	https://www.newindianexpress.com/states/kerala/2020/mar/29/two-tipplers-in-kerala-commit-suicide-upset-at-not-getting-liquor-during-covid-19-lockdown-2123056.html
SET_APRIL8	20	Alappuzha	Alappuzha	Kerala	March 29, 2020	1	\Withdrawal	New Indian Express	March 29, 2020	https://www.newindianexpress.com/states/kerala/2020/mar/29/two-tipplers-in-kerala-commit-suicide-upset-at-not-getting-liquor-during-covid-19-lockdown-2123056.html
SET_APRIL8	21	Vinayagapuram	Chennai	Tamil Nadu	March 31, 2020	1	Suicide, Withdrawal	Daily Thanthi	April 1,2020	https://www.dailythanthi.com/Districts/Chennai/2020/04/01044008/In-desperation-to-drink-alcohol-Jumping-from-the-bridge.vpf
SET_APRIL8	22	Cherpu town.	Thrissur	Kerala	March 30, 2020	1	Suicide, Withdrawal	Tribunal India	March 31, 2020	https://www.tribuneindia.com/news/nation/no-booze-8-commit-suicide-in-kerala-64002
SET_APRIL8	23	Atmakoor town	Mahbubnagar	Telangana	April 1,2020	1	Withdrawal	New Indian Express	April 2,2020	https://www.newindianexpress.com/states/telangana/2020/apr/02/three-persons-die-in-telangana-due-to-dearth-of-alcohol-amid-covid-19-lockdown-2124668.html
SET_APRIL8	24	Nachahalli	Wanaparthy	Telangana	April 1,2020	1	Withdrawal	New Indian Express	April 2,2020	https://www.newindianexpress.com/states/telangana/2020/apr/02/three-persons-die-in-telangana-due-to-dearth-of-alcohol-amid-covid-19-lockdown-2124668.html
SET_APRIL8	25			Telangana	April 1,2020	1	Suicide, Withdrawal	New Indian Express	April 2,2020	https://www.newindianexpress.com/states/telangana/2020/apr/02/three-persons-die-in-telangana-due-to-dearth-of-alcohol-amid-covid-19-lockdown-2124668.html
SET_APRIL8	1	Binaur village	Kanpur	UP	March 24, 2020	1	Suicide, fear of infection	Outlook	March 24, 2020	https://www.outlookindia.com/newsscroll/corona-scare-drives-youth-to-suicide-third-in-up/1778270
SET_APRIL8	2	Hapur	Hapur	UP	March 24, 2020	1	Suicide, fear of infection	Outlook	March 24, 2020	https://www.outlookindia.com/newsscroll/corona-scare-drives-youth-to-suicide-third-in-up/1778270
SET_APRIL8	3	Bareilly	Bareilly	UP	March 24, 2020	1	Suicide, fear of infection	Outlook	March 24, 2020	https://www.outlookindia.com/newsscroll/corona-scare-drives-youth-to-suicide-third-in-up/1778270
SET_APRIL8	4	Mundesi village	Mathura	UP	April 1, 2020	1	Suicide, fear of infection	Outlook	April 1, 2020	https://www.outlookindia.com/newsscroll/up-farmer-commits-suicide-fearing-coronavirus-infection/1787109
SET_APRIL8	5	Saharanpur	Saharanpur	UP	April 2, 2020	1	Suicide, fear of infection	Outlook	April 2, 2020	https://www.outlookindia.com/newsscroll/corona-scare-drives-govt-employee-to-suicide/1789026
SET_APRIL8	6	Lakhimpur	Lakhimpur	UP	March 31, 2020	1	Suicide, fear of police after escaping quaratine	Outlook	April 2, 2020	https://www.outlookindia.com/newsscroll/corona-scare-drives-govt-employee-to-suicide/1789026
SET_APRIL8	7	Gajendragad	Gadag	Karnataka	April 1, 2020	1	Suicide, fear of infection	Bangalore Mirror	April 1, 2020	https://bangaloremirror.indiatimes.com/news/state/karnataka-farmer-commits-suicide-over-fear-of-being-infected-by-coronavirus/articleshow/74926226.cms
SET_APRIL8	8	Udupi		Karnataka	March 26, 2020	1	Suicide, fear of infection	India Today	March 26, 2020	https://www.indiatoday.in/india/story/karnataka-man-commits-suicide-over-doubts-of-contracting-coronavirus-infection-1659846-2020-03-26
SET_APRIL8	9	Suryapet	Suryapet	Telangana	March 29, 2020	1	Suicide, fear of infection	India Today	March 29, 2020	https://www.indiatoday.in/mail-today/story/telangana-man-commits-suicide-over-fear-of-covid-19-in-suryapet-1660847-2020-03-29
SET_APRIL8	10	Rajanna Siricilla		Telangana	April 1, 2020	1	Suicide, fear of infection	OP India	April 1, 2020	https://www.opindia.com/2020/04/telangana-engineering-student-suicide-covid-19-infection/
SET_APRIL8	11	Maramadakki village	Coimbtore	Tamil Nadu	March 28, 2020	1	Suicide, lonliness, quarantine	TimesOfIndia	March 28, 2020	https://timesofindia.indiatimes.com/city/trichy/man-forced-into-isolation-kills-self-another-feels-suicidal/articleshow/74855110.cms
SET_APRIL8	12	Channarayapatna	Hassan	Karnataka	March 29,2020	1	Suicide, Home Qurantine	Prajaavaani	March 29,2020	https://www.prajavani.net/stories/stateregional/channarayapatnam-a-man-in-quarantine-commits-suicide-715891.html
SET_APRIL8	13	Rajamandri	East Godavari	Andhra Pradesh	March 27,2020	2	Suicide, Fear of Infection	Vijaya Karnataka	March 27,2020	https://vijaykarnataka.com/news/hyderabad/couple-commits-suicide-after-alleged-fear-of-coronavirus-in-andhra-pradesh/articleshow/74851981.cms
SET_APRIL8	14	Bantvala	Dakshina Kannada	Karnataka	March 27,2020	1	Suicide, Lockdown	Prajavaani	March 27,2020	https://www.prajavani.net/stories/stateregional/man-hanged-himself-due-to-coronavirus-fear-in-bantwal-dakshina-kannada-715395.html
SET_APRIL8	15	Shiye	Kolhapur	Maharashtra	March 26, 2020	1	Suicide, fear of lockdown	loksatta (marathi)	March 28, 2020	https://www.loksatta.com/kolhapur-news/coronavirus-fear-old-women-commits-suicide-in-kolhapur-nck-90-2118295/
SET_APRIL8	16	Palanpur	Gujarat	Gujarat	April 4, 2020	1	Suicide, Home Qurantine	Navbharat times (hindi)	April 4, 2020	https://navbharattimes.indiatimes.com/state/gujarat/ahmedabad/businessman-who-was-in-quarantine-commits-suicide-in-gujarat/articleshow/74977658.cms
SET_APRIL8	17	Sathiyala village	Amritsar	Punjab	April 4, 2020	2	Suicide, fear of infection	Navbharat times (hindi)	April 4, 2020	https://navbharattimes.indiatimes.com/state/gujarat/ahmedabad/businessman-who-was-in-quarantine-commits-suicide-in-gujarat/articleshow/74977658.cms
SET_APRIL8	18	Shamli	Shamli	Uttar Pradesh	April 2, 2020	1	Suicide, suspected patient	Deccan Herald 	April 2, 2020	https://www.deccanherald.com/national/north-and-central/up-suspected-covid-19-patient-commits-suicide-in-quarantine-ward-820493.html
SET_APRIL8	19	Ukhra 	West Burdwan	West Bengal	March 27, 2020	1	Suicide, fear of infection	The Federal	March 27, 2020	https://thefederal.com/covid-19/2-commit-suicide-in-bengal-over-fear-of-contracting-coronavirus/
SET_APRIL8	20	Dogachi village	Nadia	West Bengal	March 26, 2020	1	Suicide, fear of infection	The Federal	March 27, 2020	https://thefederal.com/covid-19/2-commit-suicide-in-bengal-over-fear-of-contracting-coronavirus/
SET_APRIL8	21	Tagapani	Dhamatri	Chattisgarh		1	Suicide, lonliness, quarantine	New Indian Express	March 31, 2020	https://www.newindianexpress.com/nation/2020/mar/31/chhattisgarh-man-under-home-isolation-for-covid-19-symptoms-commits-suicide-2123860.html
SET_APRIL8	1	Raichur	Raichur	Karnataka	March 29,2020	1	Dehydration, lack of transportation	Chetna Belagere, Twitter	March 29,2020	https://twitter.com/chetanabelagere/status/1244168001009537027
SET_APRIL8	2	Assam	Assam	Assam	March 29, 2020	1	Had cancer, travelled by moped with family, lockdown	Twitter	March 29,2020	https://twitter.com/i_theindian/status/1244227668200968199
SET_APRIL8	3	Chodavaram Block	Visakhapatnam	Andhra Pradesh	March 31, 2020	1	Death by waiting in the sun	Twitter	March 31,2020	https://twitter.com/samalochana/status/1244559699208355840
SET_APRIL8	4	Uniara	Tonk	Rajasthan	March 28,2020	1	Health deterioration, Migration	Patrika	March 30,2020	https://www.patrika.com/tonk-news/worker-s-death-in-uniyara-in-lockdown-5946289/
SET_APRIL8	5	Gorantla	Anantapur	Andhra Pradesh	March 25, 2020	1	Medical Emergency, access to care denied, Lockdown	Loksatta (Marathi)	March 31, 2020	https://www.loksatta.com/desh-videsh-news/coronavirus-amid-lockdown-andhra-man-walks-for-88-km-with-5-year-old-sons-body-to-reach-nearest-crematorium-scsg-91-2120219/
SET_APRIL8	6	Sikandra Rao	Hathras	Uttar Pradesh	March 29, 2020	1	Had cancer, travelled by moped with family, lockdown caused loss of livelihood	Beyond headlines, Jagran	March 29, 2020	https://www.jagran.com/uttar-pradesh/sidharth-nagar-death-to-cancer-20149641.html
SET_APRIL8	7	Kannuaj	Kannauj	Uttar Pradesh	March 29, 2020	1	Lost balance of the bike and hit divider while going home	Pioneer	March 30,2020	https://www.dailypioneer.com/2020/state-editions/migrant-workers-die-in-mishap.html
SET_APRIL8	8	Panchmala	Gujarat	Gujarat	April 1, 2020	1	Stray dog snatched a newborn, no staff around	Deccan Herald	April 1, 2020	https://www.deccanherald.com/amp/national/west/gujarat-stray-dog-takes-away-new-born-from-govt-hospital-kills-820196.html
SET_APRIL8	9	Agra	Agra	Uttar Pradesh	March 31, 2020	1	Suicide, asked to leave after lockdown	Telegraph	April 1, 2020	https://www.telegraphindia.com/india/shillong-boy-found-dead-atop-agra-eatery/cid/1760954
SET_APRIL8	13	Pudukkottai	Pudukkottai	Tamil Nadu	March 27, 2020	1	Unclear - financial issues (not connected to COVID directly) or isolation	New Indian Express	March 28, 2020	https://www.newindianexpress.com/states/tamil-nadu/2020/mar/28/wrongly-quarantined-by-family-man-ends-life-2122443.amp?__twitter_impression=true
SET_APRIL8	14			Madhya Pradesh		1	Suicide, Front-line medical staff work stress	TOI Reporter on Twitter	April 4, 2020	https://twitter.com/PNaveenTOI/status/1246498613615677445
SET_APRIL8	16			Arunachal Pradesh	April 3, 2020	1	Suicide, Front-line medical staff work stress	Amar Ujala	April 4,2020	https://www.amarujala.com/india-news/female-officer-commits-suicide-in-arunachal-due-to-fear-of-coronavirus
SET_APRIL8	17	Partiala	Patiala	Punjab	March 30, 2020	1	Delay in treatment	Tribune India	March 31, 2020	https://www.tribuneindia.com/news/punjab/covid-deceased-ludhiana-woman-was-referred-to-patiala-as-civil-hospitals-ventilators-not-operational-63658
SET_APRIL8	18	Mukhathala panchayat	Kollam	Kerala	March 29, 2020	1	Withdrawal	Tribune India	March 31, 2020	https://www.tribuneindia.com/news/nation/no-booze-8-commit-suicide-in-kerala-64002
SET_APRIL9	30		Baripada	Odisha	April 5, 2020	1	Suicide, Suicide due to finacial and food crisis	Orissa post, twitter	April 5, 2020	https://www.orissapost.com/man-commits-suicide-owing-to-financial-crisis-amid-21-day-lockdown/
SET_APRIL9	31		Bengaluru	Karnataka	March 19, 2020	1	Suicide, Suicide due to financial distress	The New Indian Express	March 22, 2020	https://www.newindianexpress.com/cities/bengaluru/2020/mar/22/covid-scare-hits-business-auto-driver-ends-life-2119994.html
SET_APRIL9	32	Salt Lake	Kolkata	West Bengal	April 2, 2020	1	Alone, sick no help, No medical attention	Times of India	April 2, 2020	https://timesofindia.indiatimes.com/city/kolkata/salt-lake-citizens-die-unattended-at-home/articleshow/74939366.cms?utm_campaign=andapp&utm_medium=referral&utm_source=native_share_tray-
SET_APRIL9	33	Sukantanagar	Kolkata	West Bengal	April 2, 2020	1	Alone, None to check on	Times of India	April 2, 2020	https://timesofindia.indiatimes.com/city/kolkata/salt-lake-citizens-die-unattended-at-home/articleshow/74939366.cms?utm_campaign=andapp&utm_medium=referral&utm_source=native_share_tray-
SET_APRIL9	34	Gaondevi Road at Samta Nagar	Mumbai	Maharashtra	March 25, 2020	1	Killed for violating lockdown rules	The Free Express Journal	March 27,2020	https://www.freepressjournal.in/mumbai/mumbai-crime-man-kills-brother-in-spat-over-lockdown-violation
SET_APRIL9	35	Balijana	Gopalpara	Assam	April 4, 2020	1	Suicide, Lackof food	TelegraphIndia	April 6, 2020	https://www.telegraphindia.com/states/north-east/coronavirus-lockdown-daily-wage-labourer-found-dead-in-goalpara/cid/1762385
SET_APRIL9	25		Kolar	Karnataka	March 30, 2020	1	Suicide, Withdrawal	twitter post by senior editor CNN-News18	March 30, 2020	https://twitter.com/dp_satish/status/1244601272939843585
SET_APRIL9	26	Chenglapattu	Chennai	Tamil Nadu	April 5, 2020	3	Death, withdrawal, consumed sanitizer	banglore mirror	April 6, 2020	https://bangaloremirror.indiatimes.com/news/india/three-men-die-in-tamil-nadu-after-consuming-hand-sanitizer-following-non-availability-of-alcohol/articleshow/75007306.cms
SET_APRIL9	27	Villupuram		Tamil Nadu	April 7, 2020	1	Death, withdrawal	PTI; outlook	April 8, 2020	https://www.outlookindia.com/newsscroll/man-hooked-to-booze-dies-in-tn-after-vain-bid-to-get-his-dose/1795575
SET_APRIL9	28	Sangareddy	Sangareddy	Andhra Pradesh		5	Suicide, death/suicide, withdrawl	Eendu	April 1, 2020	https://www.eenadu.net/archivespage/archivenewsdetails/220057767/01-04-2020/ts
SET_APRIL9	29	Nizamabad	Sangareddy	Andra Pradesh		1	Suicide, death/suicide, withdrawl	Eendu	April 1, 2020	https://www.eenadu.net/archivespage/archivenewsdetails/220057767/01-04-2020/ts
SET_APRIL9	22		Tangapani	Chhattisgarh	March 30,2020	1	Suicide, Home Qurantine	TimesOfIndia	March 30,2020	https://m.timesofindia.com/city/raipur/chhattisgarh-covid-19-suspect-under-home-quarantine-commits-suicide-in-dhamtari/amp_articleshow/74899263.cms
SET_APRIL9	23	Jamalpur village	Banda	UP	April 4, 2020	1	Suicide, fear of having infection	Deccan Herald	April 6, 2020	https://www.deccanherald.com/national/north-and-central/uttar-pradesh-man-suffering-from-cough-cold-ends-life-fearing-he-had-covid-19-821927.html
SET_APRIL9	24	Khurampur village		Punjab	April 5, 2020	1	Suicide, fear of having infection	India blooms	April 5, 2020	https://indiablooms.com/news-details/N/60684/elderly-woman-commits-suicide-fearing-coronavirus-infection-in-punjab.html
SET_APRIL9	25	Kappalur tollgate	Madurai	Tamil Nadu		1	Suicide, Stigma/Ostracization	The Hush Post	April 2, 2020	https://thehushpost.com/tamil-nadu/man-hounded-for-contracting-coronavirus-commits-suicide-tests-negative-later/
SET_APRIL9	19	Kahua Mushari village	Munger	Bihar	April 5,2020	3	Fire	ABP Live	April 6,2020	https://news.abplive.com/news/india/coronavirus-9-pm-9-minutes-fire-in-bihar-grandmother-two-girls-die-in-bihar-fire-1190840
SET_APRIL_10	33	Devarahalli	Tamakaru 	Karnataka	April 9, 2020	1	Suicide, unable to sell crop 	PTI, https://www.latestly.com/	April 9, 2020	https://www.latestly.com/agency-news/unable-to-sell-produce-due-to-lockdown-farmer-commits-suicide-in-karnataka-1671563.html
SET_APRIL_10	34	Varanasi	Varansi	UP	April 7, 2020	1	Suicide, unable to earn, wife left	National Herald	April 7, 2020	https://www.nationalheraldindia.com/india/lockdown-leads-to-dramatic-increase-in-incidents-of-domestic-violence-in-up
SET_APRIL_10	9	Bhopal	Bhopal	Madhya Pradesh	March 28, 2020 (also April)	3	Lack of treatment, discharge from hospital	The Quint	April 9,2020	https://www.thequint.com/coronavirus/bhopal-gas-tragedy-victims-die-bmhrc-covid-19-treatment-munni-bee
SET_APRIL_10	36	Mehgaon	Bhind	Madhya Pradesh	April 8, 2020	1	Starvation, lack of medical aid	Patrika	April 8, 2020	https://www.patrika.com/gwalior-news/old-man-death-in-bhind-due-to-hunger-during-lockdown-from-corona-5980463/?fbclid=IwAR0bB2uNNC6p2YH4MDt0Y39kcJ1U8USpFKGeMb6j8pLK3jTlDRgBUqNgF5U
SET_APRIL_10	4		Gaya	Bihar	April 6, 2020	1	Sexual Abuse, Medical negligence	Deccan Herald	April 8, 2020	https://www.deccanherald.com/amp/national/north-and-central/migrant-woman-in-bihar-coronavirus-isolation-ward-sexually-abused-dies-822914.html
SET_APRIL_10	5	Alipur	Mainpuri	Uttar Pradesh	April 2, 2020	1	Vigilantism, Crime	Indian Express	April 2, 2020	https://indianexpress.com/article/coronavirus/coronavirus-army-man-kills-woman-after-her-family-alerts-authorities-about-his-return-6343734/
SET_APRIL_10	6	Bhadauli village	Sisai	Jharkhand		1	Vigilantism, Crime	News 18	April 8, 2020	https://hindi.news18.com/news/jharkhand/gumla-two-groups-clash-in-a-rumor-of-spreading-corona-in-gumla-jhnj-2995882.html
SET_APRIL_10	30	Aranthangi	Pudukottai	Tamil Nadu		1	death/suicide, withdrawl	Dinakaran	April 7, 2020	https://m.dinakaran.com/article/News_Detail/577283/amp#aoh=15863494190865&amp_ct=1586349447386&csi=1&referrer=https%3A%2F%2Fwww.google.com&amp_tf=From%20%251%24s
SET_APRIL_10	26		Fatehpur	UP	April 7, 2020	2	Suicide, family didnt approve of relation, couldnt flee due to lockdown	Outlook	April 7, 2020	https://www.outlookindia.com/newsscroll/teenage-boy-girl-found-hanging-from-tree-in-up-police-say-suicide/1793997
SET_APRIL_10	27	Puranpur	Pilibhit	UP	April 8, 2020	1	Suicide, was asked to quarantine	Telegraph	April 8, 2020	https://www.telegraphindia.com/india/coronavirus-link-in-uttarakhand-suicide/cid/1762992
SET_APRIL_10	28		Shamli	UP	April 2, 2020	1	Suicide, suspected to be infected, loss in business	Outlook	April 2, 2020	https://www.outlookindia.com/newsscroll/up-corona-suspect-commits-suicide/1788537
SET_APRIL_10	29	Rudrapur	Udham Singh Nagar	Uttarakhand	April 6, 2020	1	Suicide	Telegraph	April 8, 2020	https://www.telegraphindia.com/india/coronavirus-link-in-uttarakhand-suicide/cid/1762992
SET_APRIL_10	30	Karnal	Karnal	Haryana	April 6, 2020	1	Suicide, Fear	ABP Live	April 6, 2020	https://news.abplive.com/news/india/haryana-covid-19-suspect-dies-after-falling-from-sixth-floor-of-karnal-hospital-during-escape-bid-1190747
SET_APRIL_10	31	Sasthavattom	Thiruvananthapuram	Kerala	April 8, 2020	1	Suicide, fear of having infection	Samayam	April 8, 2020	https://malayalam.samayam.com/local-news/thiruvananthapuram/man-committed-suicide-at-thiruvananthapuram-over-covid-19-fear/articleshow/75044244.cms
SET_APRIL_10	20	Radha Kund	Gonda	Uttar Pradesh		1	Suicide	India Today	April 9, 2020	https://www.indiatoday.in/india/story/man-commits-suicide-as-he-missed-wife-in-lockdown-1665050-2020-04-09
SET_APRIL_10	21	Adarshanagar in Mahmoodabad	Sitapur	Uttar Pradesh	April 7, 2020	1	Death by fogging	The Telegraph	April 9, 2020	https://www.telegraphindia.com/india/sweeper-faints-dies-after-fogging-in-uttar-pradesh/cid/1763307
SET_APRIL_11	37	Hyderabad	Hyderabad	Andhra Pradesh	April 2, 2020	1	Lockdown, lack of medical aid	Times of India	April 11, 2020	https://timesofindia.indiatimes.com/city/hyderabad/covid-fear-claims-new-moms-life-as-10-hyderabad-hospitals-turn-her-away/articleshow/75089872.cms
SET_APRIL_11	38	Jahanabad	Jahanabad	Bihar	April 10,2020	1	Lockdown, lack of medical aid, no ambulance	Live Hindustan	April 11, 2020	https://www.livehindustan.com/bihar/story-ambulance-not-found-to-take-innocent-child-to-pmch-in-jehanabad-bihar-sadar-hospital-child-death-amid-corona-lockdown-3142509.html
SET_APRIL_11	7		Madurai (Vandiyur, Netaji Nagar)	Tamil Nadu	April 9, 2020	1	Murder by son	Dinakaran.com	April 10, 2020	http://www.dinakaran.com/News_Detail.asp?Nid=578015
SET_APRIL_11	31		Perambur (aynavaram, Elzhumazhai street)	Tamil Nadu	April 9, 2020	1	suicide, withdrawal	Dinakaran	April 10, 2020	https://epaper.dinakaran.com/2628334/Chennai-Main/10-04-2020#dual/8/2
SET_APRIL_11	32	Ariyalur	Ariyalur	Tamil Nadu	April 10, 2020	1	Suicide, Isolation, Fear of Infection	Deccan Herald	April 11, 2020	https://www.deccanherald.com/national/south/tamil-nadu-man-hangs-self-in-isolation-ward-later-tests-negative-for-covid-19-823884.html
SET_APRIL_11	33	Badagaon	Sundargarh	Orissa	April 9,2020	1	Suicide, Fear of infection/quarantine	Hindustan Times	April 8, 2020	https://www.hindustantimes.com/india-news/tribal-youth-in-quarantine-hangs-himself-to-death-in-odisha/story-ecQXiuh8hvFz0IMx15pXcP.html
SET_APRIL_11	34	Akola	Akola	Maharashtra	April 11, 2020	1	Suicide, fear of infection 	Hindustan Times	April 11, 2020	https://www.hindustantimes.com/mumbai-news/maharashtra-covid-19-patient-from-assam-allegedly-commits-suicide/story-aVUPfLUDH7T3P26b42ntLL.html
SET_APRIL_11	22	Tikahara village 	Bokaro	Jharkhand	April 8, 2020	1	Death by hunger, lack of medical care	Times of India	April 10, 2020	https://timesofindia.indiatimes.com/city/ranchi/parents-apologise-for-saying-girl-died-of-hunger-in-bokaro-village/articleshow/75072301.cms?utm_source=contentofinterest&utm_medium=text&utm_campaign=cppst
SET_APRIL_14	39	Shakra village	Purulia 	West Bengal	April 11, 2020	1	Lockdown, starvation	Asianet News	April 11, 2020	https://bangla.asianetnews.com/coronavirus-westbengal/the-dm-of-purulia-has-denied-the-starvation-cause-in-10-year-old-boy-death-case-q8mp50
SET_APRIL_14	40	Thirupavanam	Sivaganga	Tamil Nadu		1	Lockdown, starvation	Kalaignar Seithigal	April 11, 2020	https://www.kalaignarseithigal.com/tamilnadu/2020/04/11/old-man-hunger-death-during-corona-lockdown
SET_APRIL_14	41	Jaari village	Banda	Uttar Pradesh	April 12, 2020	1	lockdown, farmer suicide, unavailability of workers to harvest	News 18	April 12, 2020	https://www.news18.com/news/india/covid-19-farmer-commits-suicide-in-up-after-no-labourers-to-harvest-crop-2574619.html
SET_APRIL_14	42		Badoda	Gujarat	April 10, 2020	1	neglect by doctor, maintained phsycial distance	Nai Dunia	April 11,2020	https://www.naidunia.com/madhya-pradesh/sheopur-sheopur-news-5481072
SET_APRIL_14	45	Satna	Satna	Madhya Pradesh	March 28, 2020	1	Lockdown, Neglect by doctor	Dainik Bhaskar 	April 1, 2020	https://ia601503.us.archive.org/26/items/NonVirusDeaths/Satna.jpg
SET_APRIL_14	46	Delhi	Delhi	Delhi	April 6, 2020	1	Lockdown, Early discharge from hospital	Yahoo News	April 12, 2020	https://news.yahoo.com/pandemic-spells-death-sentence-indias-non-virus-patients-051543987.html?guccounter=1
SET_APRIL_14	47	Antarasanthe, Heggadadevana Kote	Mysore	Karnataka		1	Starvation, Lockdown	Daily Hunt	April 11, 2020	https://m.dailyhunt.in/news/india/kannada/kannadavahini-epaper-vahikan/laak+doun+nindha+hasivu+taalalaarade+vruddha+saavu+antyakriye+neraverisidha+muslimaru-newsid-177616198?ss=wsp&s=pa
SET_APRIL_14	48	Bhopal	Bhopal	Madhya Pradesh		6	Lack of treatment, discharge from hospital	Rachna Dhingra	April 23,2020	https://ia601503.us.archive.org/26/items/NonVirusDeaths/letter_to_officials_on_7_gas_victim_COVIDdeathsApril23.pdf
SET_APRIL_14	35	Khindriya	Muzaffarnagar	Uttar Pradesh	April 11, 2020	1	Suicide, isolation	News 18	April 12, 2020	https://www.news18.com/news/india/man-under-covid-19-home-quarantine-in-muzaffarnagar-commits-suicide-2573745.html
SET_APRIL_14	36		Greater Noida	Uttar Pradesh	April 12, 2020	1	suicide, quarantine	PTI, outlook	April 12, 2020	https://www.outlookindia.com/newsscroll/covid19-suspect-jumps-to-death-at-quarantine-facility-in-greater-noida/1800333
SET_APRIL_14	37	Pilakhua	Harpur	UP	March 22, 2020	1	Suicide, fear of infection 	keralakaumudi	March 24, 2020	https://keralakaumudi.com/en/news/news.php?id=269725
SET_APRIL_14	38	Chehedi area	"Description
Nashik"	Maharashtra	April 11, 2020	1	Suicide, fear of infection 	IndiaTV News	April 11, 2020	https://www.indiatvnews.com/news/india/maharashtra-man-kills-self-over-coronavirus-scare-in-nashik-covid-19-606648
SET_APRIL_14	39	Law college road 	Pune	Maharashtra	April 10, 2020	1	suicide, fear of infection	TimesOfIndia	April 10, 2020	https://timesofindia.indiatimes.com/city/pune/elderly-man-found-dead-note-found-in-flat-states-corona-fear/articleshow/75073842.cms
SET_APRIL_14	40	Warje area	Pune	Maharashtra	April 10, 2020	1	suicide, tired of the pandemic	TimesOfIndia	April 12, 2020	https://timesofindia.indiatimes.com/city/pune/covid-19-stress-cop-shoots-self-4-others-commit-suicide-in-maharashtra/articleshow/75103562.cms
SET_APRIL_14	41	Dervan	Junagadh	Gujarat	April 9, 2020	1	suicide, fear of infection	Gujarat Samachar	April 10,2020	https://www.gujaratsamachar.com/news/saurashtra/home-quarantine-truck-driver-commits-suicide-near-junagadh
SET_APRIL_14	23	Maninagar	Ahmedabad	Gujarat	April 12, 2020	1	Death on road 	Twitter post of Ahmedabad mirror editor	April 12, 2020	https://twitter.com/DeepalTrevedie/status/1249270188207415297
SET_APRIL_14	24	Jeghangirabad	Badohi	Uttar Pradesh	April 12, 2020	5	Drowing in river	Hindustan Times	April 13, 2020	https://www.hindustantimes.com/india-news/up-woman-throws-five-children-into-ganga-after-fight-with-husband/story-euPyWuSQe3g5drAI2x3jPL.html
SET_APRIL_14	25	Malegaon		Maharahstra	April 11, 2020	1	Suicide	Times of India	April 12, 2020	https://timesofindia.indiatimes.com/city/pune/covid-19-stress-cop-shoots-self-4-others-commit-suicide-in-maharashtra/articleshow/75103562.cms
SET_APRIL_14	48	Bariely 	Bariely	Uttar Pradesh	March 28, 2020	1	Lockdown, long journey without medical aid	Diya Bhaskar	April 11, 2020	https://www.divyabhaskar.co.in/local/gujarat/surat/news/heart-patient-two-month-baby-death-after-reached-up-from-surat-distance-1515-km-127143687.html
SET_APRIL_14	49	Pipaliya Raj, Wankaner	Morbi	Gujarat	April 9, 2020	1	Lockdown	Gujarat Samachar	April 10, 2020	https://www.gujaratsamachar.com/news/morbi/during-the-lockdown-woman-committed-suicide
SET_APRIL_16	43	Uppal	Hyderabad	Telangana	April 13, 2020	1	Suicide, Lockdown, No Work, No Wage, Could not go home	New Indian Express	April 14, 2020	https://www.newindianexpress.com/cities/hyderabad/2020/apr/14/bihar-migrant-worker-commits-suicide-2129875.html
SET_APRIL_16	44		Delhi	Delhi	April 11, 2020	1	Death; fight over food with government staff	NDTV	April 12, 2020	https://www.ndtv.com/india-news/fire-at-shelter-home-in-delhi-s-kashmiri-bagh-many-fire-engines-on-spot-2210133
SET_APRIL_16	45	Mohammadpur Khala	Barabanki	Uttar Pradesh		1	Lockdown, Lack of care, Elderly	NEWS 18	April 12, 2020	https://www.news18.com/news/india/82-year-old-quarantined-at-home-after-returning-from-gujarat-dies-lonely-death-in-ups-barabanki-2574563.html
SET_APRIL_16	32		Puduccherry	Tamil Nadu	April 13, 2020	1	suicide, withdrawal	United news of india	April 13, 2020	http://www.uniindia.com/covid-19-lockdown-man-allegedly-commits-suicide-for-not-getting-liquor/south/news/1952738.html
SET_APRIL_16	42	Anna nagar, Poorandampalayam Village	Coimbatore	Tamil Nadu	April 12, 2020	1	suicide, fear of infection	New Indian Express	April 13, 2020	https://www.newindianexpress.com/states/tamil-nadu/2020/apr/13/gripped-by-fear-over-virus-farmer-ends-life-2129452.html
SET_APRIL_16	43		Darbhanga	Bihar 	April 13, 2020	1	suicide, quarantine	IANS, newsd	April 13, 2020	https://newsd.in/quarantined-man-commits-suicide-in-bihar-police/
SET_APRIL_16	44	Kandivali	Mumbai	Maharastra	April 14,2020	1	Suicide, extension of lockdown	Hindustan Times	April 15, 2020	https://www.hindustantimes.com/india-news/priest-kills-self-after-learning-about-lockdown-extension/story-QMOzSoH3wQD4Q4qlSm26mL.html
SET_APRIL_16	45			Madhya Pradesh	April 13,2020	1	suicide, lockdown, earlier financial crisis intensified	Twitter	April 13,2020	https://twitter.com/santoshsonu_200/status/1250090559831568384
SET_APRIL_16	46		Mumbai	Maharashtra	April 15,2020	1	suicide, covid+ patient	Indian express	April 15,2020	https://indianexpress.com/article/cities/mumbai/mumbai-coronavirus-patient-suicide-nair-hospital-6363542/
SET_APRIL_16	51	Karimnagar	Medchal	Telangana	April 13, 2020	3	Lockdown, Suicide, domestic fight	Gulfnews	April 14,2020	https://gulfnews.com/world/asia/india/coronavirus-lockdown-two-women-in-their-mid-twenties-found-hanging-in-telangana-india-1.1586871634976
SET_APRIL_16	45	Bijnor	Bijnor	Uttar Pradesh	April 13,2020	1	Suicide, Lockdown	Asianews	April 14,2020	https://newsable.asianetnews.com/uttar-pradesh/a-class-11th-student-hanged-himself-amid-lockdown-in-up-bijnor-kpt-q8s46n
SET_APRIL_17	46	Badwali Chowki	Indore	Madhya Pradesh	April 13, 2020	1	Lockdown, Denial of Ambulance	Scroll	April 15, 2020	https://scroll.in/latest/959278/coronavirus-man-dies-outside-indore-hospital-family-alleges-hospital-refused-ambulance
SET_APRIL_17	47	Gurgaon	Gurgaon	Haryana	April 12, 2020	1	Suicide, Extension of Lockdown	Amar Ujala	April 13, 2020	https://www.amarujala.com/uttar-pradesh/hardoi/lobour-suicide-due-to-lockdown-hardoi-news-knp5550749113
SET_APRIL_17	48	Kharad	Mohali	Punjab	April 14, 2020	1	Suicide, Extension of Lockdown	Amar Ujala	April 14, 2020	https://www.amarujala.com/chandigarh/65-year-old-man-commits-suicide-at-kharar-after-lockdown-extension
SET_APRIL_17	49	Maliya Hatina, Juthal	Junagadh	Gujarat	April 15, 2020	1	Suicide, Lockdown	TV9 Gujrati	April 15, 2020	https://www.youtube.com/watch?v=CLiABNic0XM
SET_APRIL_17	50	Maudarwaza Thana	Farrukhabad	Uttar Pradesh		1	Lockdown, Denial of Ambulance	Hindi, One India	April 16, 2020	https://hindi.oneindia.com/news/farrukhabad/man-died-on-his-son-shoulder-after-no-treatment-on-hospital-555684.html
SET_APRIL_17	51		Roorkee	Uttarakhand	April 16, 2020	1	Quarantined, lack of arrangements and food	Amar Ujala	April 17, 2020	https://www.amarujala.com/amp/uttar-pradesh/aligarh/aligarh-news-city-office-news-ali231520988
SET_APRIL_17	47		Gurugram	UP	April 14, 2020	1	Lockdown, Suicide, Restless	Tribune India	April 15, 2020	https://www.tribuneindia.com/news/haryana/gurugram-youth-nuh-driver-kill-themselves-amid-ongoing-lockdown-71559
SET_APRIL_17	33	Kirodi	Nuh	Haryana	April 14, 2020	1	suicide, withdrawal, lockdown, quarantine	Tribune India	April 15, 2020	https://www.tribuneindia.com/news/haryana/gurugram-youth-nuh-driver-kill-themselves-amid-ongoing-lockdown-71559
SET_APRIL_17			Gurugram	Haryana	April 17, 2020	1	Suicide, Lockdown, unable to feed family, cops denied 	Twitter, toi	April 17, 2020	https://timesofindia.indiatimes.com/city/gurgaon/haryana-30-year-old-man-commits-suicide-in-gurugram/articleshow/75205458.cms
SET_APRIL_17	33		Bhopal	MP	April 13, 2020	1	death, withdrawal	The new indian express	April 15, 2020	https://www.newindianexpress.com/nation/2020/apr/15/mp-man-dies-after-accidentally-drinking-acid-stored-in-beer-bottle-2130531.html
SET_APRIL_19	52		Varansi	Uttar Pradesh	April 18, 2020	1	exhaustion, walking	TelegraphIndia	April 18, 2020	https://www.telegraphindia.com/amp/india/coronavirus-lockdown-migrant-falls-and-dies-on-pm-modis-turf/cid/1765839?__twitter_impression=true
SET_APRIL_19	53		Ambedkar nagar	Uttar Pradesh	April 18, 2020	1	Police beating	The Hindu	April 18, 2020	https://www.thehindu.com/news/national/other-states/coronavirus-youth-dies-after-being-beaten-up-by-police-in-uttar-pradesh/article31375836.ece
SET_APRIL_19	54		Budaun	Uttar Pradesh	April 17, 2020	1	exhausation, standing in line for ration	BBC	April 18, 2020	https://www.bbc.com/hindi/india-52338267?at_custom4=8E01F2F2-817C-11EA-A80E-42A64744363C&at_campaign=64&at_custom2=twitter&at_custom1=%5Bpost+type%5D&at_medium=custom7&at_custom3=BBC+Hindi
SET_APRIL_19	55	Vashi	Navi Mumbai	Maharashtra	April 14, 2020	1	Denial of medical care	Times of India	April 19, 2020	https://timesofindia.indiatimes.com/city/mumbai/navi-mumbai-lawyer-dies-of-heart-attack-after-hospitals-refuse-admission/articleshow/75229108.cms
SET_APRIL_19	8			Uttar Pradesh	April 18, 2020	1	sexual abuse leading to suicide	jansatta	April 18, 2020	https://www.jansatta.com/crime-news-hindi/daughter-alleged-father-for-physical-harassment-committed-suicide-uttar-pradesh-agra-india-lockdown/1380608/
SET_APRIL_19	49	kasba dadri	gautambudh nagar	Uttar Pradesh	April 17, 2020	1	suicide, lack of freedom of movement	IndiaTV News	April 17, 2020	https://www.indiatv.in/india/uttar-pradesh-married-woman-commits-suicide-due-to-not-being-sent-to-her-mothers-home-in-lockdown-704009
SET_APRIL_19	50		Churu	Rajastha		1	Suicide, Fear of infection	News Track Libe	April 18, 2020	https://english.newstracklive.com/news/rajasthan-churu-a-watchman-commit-suicide-in-fear-of-corona-mc23-nu764-ta272-1085968-1.html
SET_APRIL_19	47	Patiala	Patiala	Punjab	April 16, 2020	1	Suicide, Conflicting reports of it being a consequence of police brutality	Times of India	April 17, 2020	https://timesofindia.indiatimes.com/city/ludhiana/patiala-man-commits-suicide-family-allege-police-torture/articleshow/75198187.cms
SET_APRIL_21	56	Ranighagar village	Dumka	Jharkhand	April 19, 2020	1	Waiting in line for jan dhan money	Hindustan Times	April 19, 2020	https://m.hindustantimes.com/india-news/jharkhand-woman-dies-waiting-in-a-bank-queue-to-withdraw-rs-500-from-jan-dhan-account-rural-areas-see-big-rush/story-AK17D75HOAYHXBNYu7jKoO_amp.html
SET_APRIL_21	57		Chirang	Assam	April 14, 2020	1	infant death by suffocation, travelling	Scroll	April 20, 2020	https://amp.scroll.in/latest/959709/covid-19-infant-stranded-along-with-over-30-others-in-assam-dies-while-trying-to-reach-rajasthan?_
SET_APRIL_21	58		Dehradun	Uttrakhand	April 15, 2020	1	child death, obstruction & delay in medical care	Amar Ujala	April 15, 2020	https://www.amarujala.com/dehradun/coronavirus-lockdown-uttarakhand-girl-death-in-dehradun-seal-area-bhagat-singh-colony
SET_APRIL_21	59		Bijapur	Chhatisgarh	April 18, 2020	1	exhaustion, walking	Indian Express	April 21, 2020	https://indianexpress.com/article/india/12-yr-old-walks-100-km-dies-just-short-of-bijapur-home-6371779/
SET_APRIL_21	51	Vikas Nagar	Dehradun	Uttrakhand	April 16, 2020	2	Suicide, harassment related to the Covid-19 outbreak	Telegraph	April 17, 2020	https://www.telegraphindia.com/india/hounded-over-coronavirus-couple-kill-themselves/cid/1765526
SET_APRIL_21	9		Rampur	Uttar Pradesh	April 14, 2020	1	bleach sprayed into mouth of sanitation worker	Telegraph	April 20, 2020	https://www.telegraphindia.com/india/coronavirus-lockdown-chemical-sprayed-into-mouth-worker-dies/cid/1766385
SET_APRIL_24	24		Uddhamsingh Nagar	Uttarakhand	April 21, 2020	1	suicide due loss of job 	TelegraphIndia	April 23, 2020	https://www.telegraphindia.com/india/coronavirus-lockdown-claims-jobless-gardener/cid/1767245
SET_APRIL_24	25		Patna	Bihar	April 20, 2020	1	suicide due loss of job 	Livecities.in	April 21, 2020	https://livecities.in/trending/project-manager-lost-job-due-to-lockdown-suicide-done-in-tension-in-patna/
SET_APRIL_24	26	Ambattur		Tamil Nadu	April 12, 2020	1	suicide, starvation	TopTamil News	April 13, 2020	https://www.toptamilnews.com/bihari-worker-commits-suicide-chennai-due-hunger
SET_APRIL_24	8		Jabalpur	Madhya Pradesh	April 16, 2020	1	Police beating	The New Indian Express	April 20, 2020	https://www.newindianexpress.com/nation/2020/apr/20/farmer-beaten-by-cops-amid-lockdown-dies-in-madhya-pradesh-six-officers-suspended-sp-transferred-2132889.html
SET_APRIL_24	9		Jalalpur	Uttar Pradesh	April 19, 2020	1	Police beating	The Week	April 23, 2020	https://www.theweek.in/wire-updates/national/2020/04/23/des8-up-protest-policemen.html
SET_APRIL_24	10	Sattenapalli 	Guntur	Andhra Pradesh	April 20, 2020	1	Police beating/harrasement	New Indian Express	April 20, 2002	https://www.newindianexpress.com/states/andhra-pradesh/2020/apr/20/covid-19-lockdown-tension-in-andhra-pradeshs-sattenapalli-after-man-dies-of-police-beating-2132741.html
SET_APRIL_24	21		Sultanpuri	Delhi	April 22, 2020	1	Denial of medical care and proper food	National Herald	April 22, 2020	https://www.nationalheraldindia.com/india/covid-19-diabetic-man-dies-of-lack-of-food-medicine-at-delhi-quarantine-centre
SET_APRIL_24	22		Agra 	Uttar Pradesh	April 20, 2020	1	denial of medical care	mojo; twitter	April 20, 2020	https://www.youtube.com/watch?v=OaJ-Tmp7FDY
SET_APRIL_24	10		Bahraich	Uttar Pradesh	April 22, 2020	1	mob lynching	Times of India	April 22, 2020	https://timesofindia.indiatimes.com/videos/city/lucknow/covid-19-lockdown-man-out-to-get-food-lynched-to-death-in-bahraich/videoshow/75296547.cms
SET_APRIL_24			Chennai	Tamil Nadu	April 14, 2020	1	Train accident, walking to village	Daily Thanthi. com	April 14, 2020	https://www.dailythanthi.com/News/Districts/2020/04/14041447/Wife-and-relatives-are-opposite-the-eye-The-freight.vpf
SET_APRIL_24	61		Koriya	Chhattisgarh	April 21, 2020	2	Lockdown, Accident on Train Track, Migration	Times of India	April 21, 2020	https://timesofindia.indiatimes.com/city/raipur/coronavirus-lockdown-two-workers-on-way-home-on-foot-run-over-by-freight-train-in-chhattisgarhs-koriya-district/articleshow/75271415.cms
SET_APRIL_24	52	Chinnakanal	Idukki	Kerala	April 20, 2020	1	Suicide	keralakaumudi	April 20, 2020	https://keralakaumudi.com/en/news/news.php?id=286979&u
SET_APRIL_24	53	Ranchi	Ranchi	Jharkhand	April 21, 2020	1	Suicide, fear of infection	Hindustan Live	April 21, 2020	https://www.livehindustan.com/jharkhand/story-jharkhand-news-young-man-commit-suicide-by-jumped-from-roof-of-third-floor-of-lake-view-hospital-of-ranchi-due-to-fear-of-corona-after-quarantine-in-hospital-3166709.html
SET_APRIL_24	54	Chedi	Nasik	Maharashtra		1	Suicide, fear of infection	loksatta (marathi)	April 21, 2020	https://www.loksatta.com/maharashtra-news/two-youth-commit-suicide-in-nashik-due-to-fear-of-corona-virus-and-lockdown-aau-85-2138241/
SET_APRIL_24	55	Khopdi village	Nasik	Maharashtra	April 21, 2020	1	Suicide, fear of infection	loksatta (marathi)	April 21, 2020	https://www.loksatta.com/maharashtra-news/two-youth-commit-suicide-in-nashik-due-to-fear-of-corona-virus-and-lockdown-aau-85-2138241/
SET_APRIL_24	56	-	Nasik	Maharashtra	April 21, 2020	1	Suicide, inability to go home	loksatta (marathi)	April 21, 2020	https://www.loksatta.com/maharashtra-news/two-youth-commit-suicide-in-nashik-due-to-fear-of-corona-virus-and-lockdown-aau-85-2138241/
SET_APRIL_28	13	Koregaon (Rampur), Kelapur	Yavatmal	Maharastra 	April 24,2020	1	exhaustion, waiting at mini-ATM to withdraw money from Jan Dhan Account	Loksatta (Marathi)	April 27, 2020	https://www.loksatta.com/maharashtra-news/suicide-of-two-youths-due-to-lack-of-employment-zws-70-2142682/
SET_APRIL_28	14	Khadwali village		Maharastra 	April 24, 2020	1	exhaustion, walking	Times of India	April 26, 2020	https://timesofindia.indiatimes.com/city/thane/migrant-dies-after-60km-walk-on-empty-stomach/articleshow/75385591.cms
SET_APRIL_28	27	Chouka	Saraikela Kharsawan	Jharkhand	April 21, 2020	1	starvation death	Hindustan live	April 21, 2020	https://www.livehindustan.com/jharkhand/adityapur/story-worker-died-in-chowka-family-said-died-of-hunger-3164644.html
SET_APRIL_28	28	Jaitpur, Shirpur	Dhule	Maharashtra	April 26,2020	1	Suicidie, financial distress	Zee 24Taas	April 26,2020	https://www.youtube.com/watch?v=UEBR6F9i4E0
SET_APRIL_28	29	Ganori, Babhulgaon	Yavatmal	Maharashtra	April 25,2020	1	Suicidie, financial distress	Loksatta (Marathi)	April 27, 2020	https://www.loksatta.com/maharashtra-news/suicide-of-two-youths-due-to-lack-of-employment-zws-70-2142682/
SET_APRIL_28	30		Yavatmal	Maharashtra	April 22, 2020	1	Suicidie, financial distress	Loksatta (Marathi)	April 27, 2020	https://www.loksatta.com/maharashtra-news/suicide-of-two-youths-due-to-lack-of-employment-zws-70-2142682/
SET_APRIL_28	23		AnantNag	Jammu & Kashmir	April 25, 2020	3	denial of medical care in fear of being corona patient 	The kashmirwalla.com	April 25, 2020	https://thekashmirwalla.com/2020/04/pregnant-woman-from-red-zone-dies-after-delayed-treatment-family/
SET_APRIL_28	24		Jahanabad	Bihar	April 25, 2020	1	denial of care; ambulance not provided	NDTV	April 25, 2020	https://www.ndtv.com/india-news/bihar-child-dies-on-way-to-patna-hospital-family-says-ambulance-not-provided-2218235
SET_APRIL_28	25		Ahmedabad	Gujarat	April 23, 2020	1	denial of timely care	Indian express	April 25, 2020	https://indianexpress.com/article/cities/ahmedabad/ahmedabad-ailing-teen-cops-rescued-after-sos-video-passes-away-in-hospital-6376586/
SET_APRIL_28	26	Chhipi tola auliya road	Agra 	Uttar Pradesh	April 27, 2020	1	denial of timely care	The print youtube	April 28, 2020	https://www.youtube.com/watch?v=T1uXXCpgAXw&feature=youtu.be
SET_APRIL_28	11	Kalyan	Thane	Maharashtra	April 22, 2020	1	Attack by mob	India Today	April 24, 2020	https://www.indiatoday.in/india/story/maharashtra-man-dies-after-being-attacked-on-suspicion-of-being-covid-19-patient-1670415-2020-04-24
SET_APRIL_28	18	Bargur	Krishnagiri	Tamil Nadu	April 19, 2020	1	Drowning	New Indian Express	April 21, 2020	https://www.newindianexpress.com/states/tamil-nadu/2020/apr/21/tamil-nadu-man-dies-after-drowning-in-while-crossing-cauvery-to-by-pass-police-check-post-2133020.html
SET_APRIL_28	34	Karaiyaraiappa Devar Street, Sulur	Coimbatore	Tamil Nadu	April 11, 2020	1	death, withdrawal, consumed sanitizer	The new indian express	April 11, 2020	https://www.newindianexpress.com/states/tamil-nadu/2020/apr/11/coimbatore-man-dies-after-drinking-hand-sanitizer-as-alternative-for-alcohol-2128755.html
SET_APRIL_28	35	BMC colony, Santosh Nagar, Goregaon East	Mumbai Suburban	Maharashtra	April 24, 2020	1	suicide, withdrawal	Mumbai Mirror	April 26, 2020	https://mumbaimirror.indiatimes.com/mumbai/other/autorickshaw-driver-commits-suicide/articleshow/75383637.cms
SET_APRIL_28	57		Sidhi	Madhya Pradesh	April 24, 2020	1	suicide, quarantine	Deccan Herald	April 24, 2020	https://www.deccanherald.com/national/covid-19-man-commits-suicide-after-being-quarantined-in-madhya-pradesh-829304.html
SET_APRIL_28	58		Noida	Uttar Pradesh	April 25, 2020	1	Suicide, lockdown, depression	Catch News	April 25,2020	http://www.catchnews.com/india-news/noida-depressed-due-to-present-lockdown-woman-commits-suicide-by-jumping-off-17th-floor-of-highrise-189387.html
SET_APRIL_28	59		Bangalore	Karnataka	April 27,2020	1	Suicide, depression, corona infection	Quint	April 27,2020	https://www.thequint.com/coronavirus/bengaluru-covid-19-patient-jumps-to-death-from-6th-floor
SET_APRIL_28	60	Fatehpur Tal Narja village 	Mow	Madhya Pradesh	April 27, 2020	1	suicide, lack of freedom of movement, husband stranded	Amar Ujala	April 27, 2020	https://www.amarujala.com/uttar-pradesh/husband-trapped-in-lockdown-in-surat-his-wife-suicide-in-mau
SET_APRIL_28	61	Berni village	Gwalior	Madhya Pradesh	April 26, 2020	1	suicide, lack of freedom of movement, husband stranded	Patrika	April 27, 2020	https://www.patrika.com/gwalior-news/woman-commuted-suicide-and-husband-stuck-in-other-city-in-lockdown-6043969/
SET_APRIL_28	62		Greator Noida	Uttar Pradesh	April 26, 2020	1	suicide, stressed over lockdown	Amar Ujala	April 26, 2020	https://www.amarujala.com/delhi-ncr/two-suicide-cases-noted-in-greater-noida-due-to-anxiety-in-lockdown-period?pageId=1
SET_APRIL_28	63	Bisrakh thana	Greator Noida	Uttar Pradesh	April 26, 2020	1	suicide, stressed over lockdown	Amar Ujala	April 26, 2020	https://www.amarujala.com/delhi-ncr/two-suicide-cases-noted-in-greater-noida-due-to-anxiety-in-lockdown-period?pageId=1
SET_APRIL_29	31	Dhanvantarinagar	Nagpur	Maharashtra	April 27, 2020	1	Suicidie, financial distress	Maharashtra times	April 27, 2020	https://maharashtratimes.com/crime-news/tailor-committed-suicide-due-to-financial-crisis-in-lockdown-in-nagpur/articleshow/75411808.cms
SET_APRIL_29	32	Gomia	Bokaro	Jharkhand	April 21, 2020	1	starvation 	twitter	April 21, 2020	https://twitter.com/JharkhandJanad1/status/1252789069521846275
SET_APRIL_29	27		Delhi	Delhi	April 22, 2020	1	denial of timely care	The Hindu	April 26, 2020	https://www.thehindu.com/news/cities/Delhi/destitute-man-dies-a-week-after-being-rescued/article31435373.ece
SET_APRIL_29	48		Shravasti	Uttar Pradesh	April 27, 2020	1	walking, but not clear why died	Indian Express	April 29, 2020	https://indianexpress.com/article/india/coronavirus-up-migrant-death-mumbai-6383939/
SET_APRIL_29	49		Darbhanga	Bihar	April 15, 2020	1	suicide inside isolation camp, reason not clear	Times of India	April 13, 2020	https://timesofindia.indiatimes.com/city/patna/darbhanga-man-commits-suicide-in-isolation-camp/articleshow/75147761.cms
SET_APRIL_30	15	Mittapalle village	Chittoor	Andhra Pradesh	April 28, 2020	1	exhaustion, walking	The newsminute	May 1, 2020	https://www.thenewsminute.com/article/migrant-worker-collapses-and-dies-after-walking-bengaluru-his-home-andhra-123710
SET_APRIL_30	33		Bhopal	Madhya Pradesh	April 29, 2020	1	starvation 	patrika	April 29, 2020	https://www.patrika.com/bhopal-news/fact-check-dead-body-found-elder-death-hunger-in-lockdown-6050036/
SET_APRIL_30	11		Baptala	Andhra Pradesh	April 1, 2020	1	police harrasment leading to suicide	newsd.in	April 3, 2020	https://newsd.in/andhra-pradesh-youth-ends-life-after-cops-seize-cycle-for-violating-lockdown/
SET_APRIL_30	28	Veraval coast		Gujarat	April 22, 2020	1	denial of essential service, denial to be rescued, heart attack	India spend	April 29, 2020	https://www.indiaspend.com/covid-19-andhra-fishers-rescued-from-gujarat-the-human-face-of-a-sector-in-turmoil/
SET_APRIL_30	19		Barwani	Madhya Pradesh		1	walking on risky mountanious path	twitter	April 28, 2020	https://twitter.com/Bhayankur/status/1255318671733534723/photo/1
SET_APRIL_30	36		Nagpur	Maharashtra	April 29, 2020	1	suicide, withdrawal	PTI	April 4, 2020	http://www.ptinews.com/news/11361255_Maha-lockdown--Not-getting-liquor--Nagpur-man-kills-self.html
SET_APRIL_30	64	Veraval coast		Gujarat	April 9, 2020	1	stopped eating, anxious over getting covid	India spend	April 29, 2020	https://www.indiaspend.com/covid-19-andhra-fishers-rescued-from-gujarat-the-human-face-of-a-sector-in-turmoil/
SET_APRIL_30	65		Baksa	Assam	April 1, 2020	1	suicide, harrasement from villagers	Telegraph	April 3, 2020	https://www.telegraphindia.com/states/north-east/coronavirus-outbreak-youth-commits-suicide-after-returning-from-bangalore/cid/1761491
SET_APRIL_30	66			Punjab	April 21, 2020	1	suicide, lack of freedom of movement	Ajit News	April 21, 2020	https://www.youtube.com/watch?v=6di3XSZMKsY
SET_APRIL_30	67		Gurugram 	Haryana	April 30, 2020	1	suicide, fear of infection 	Telegraph	April 30, 2020	https://www.tribuneindia.com/news/nation/man-commits-suicide-in-gurugram-wife-had-tested-positive-for-covid-19-78535
SET_APRIL_30	68		Gonda	Uttar Pradesh	April 28, 2020	1	suicide, lack of freedom of movement	livehindustan.com	April 28, 2020	https://www.livehindustan.com/uttar-pradesh/story-up-woman-hanged-in-gonda-3180972.html
SET_APRIL_30	69	Yakubpur village	Noida	Uttar Pradesh	April 30, 2020	1	suicide, husband couldn't return home	Navbharat times (hindi)	April 30, 2020	https://navbharattimes.indiatimes.com/state/uttar-pradesh/noida/lockdown-in-noida-husband-starnded-in-bareilly-women-commits-suicide/articleshow/75469125.cms
SET_MAY_3	16		Shahjahanpur	Uttar Pradesh	May 1, 2020	1	exhaution, migration, cycling 	Indian express	May 2, 2020	https://indianexpress.com/article/india/migrant-worker-on-way-home-in-bihar-on-bicycle-dies-in-ups-shahjahanpur-6390068/
SET_MAY_3	17	Girad	Wardha 	Maharashtra 	April 30, 2020	1	Exhaustion, migration, died by suicide	TV9 Marathi	May 1, 2020	https://www.tv9marathi.com/maharashtra/migrant-worker-commits-suicide-after-tired-due-to-walking-450-km-from-hyderabad-214188.html
SET_MAY_3	18	Barwani	Barwani	Madhya Pradesh	May 1,  2020	1	Exhaustion, Migration	NDTV Khabar	May 2, 2020	https://khabar.ndtv.com/news/mp-chhattisgarh/migrant-worker-dies-in-mp-after-350-km-bicycle-ride-to-home-from-maharashtra-coronavirus-lockdown-2221955
SET_MAY_3	19		-	Madhya Pradesh	April 21, 2020	1	Exhaustion, Migration	NDTV Khabar	May 2, 2020	https://khabar.ndtv.com/news/mp-chhattisgarh/migrant-worker-dies-in-mp-after-350-km-bicycle-ride-to-home-from-maharashtra-coronavirus-lockdown-2221955
SET_MAY_3	34	Girad police station area	Wardha district	Maharashtra 	April 30, 2020	1	Suicide, Lockdown, No Work, Tired of Walking, Migration	Times of India	May 01, 2020	https://timesofindia.indiatimes.com/city/nagpur/migrant-walking-from-hyd-to-gondia-commits-suicide-in-wardha-district/articleshow/75493686.cms
SET_MAY_3	35		Ayodhya	Uttar Pradesh	April 29, 2020	1	hunger death	Indian Time	April 29, 2020	https://indiantime.in/crime-news/police-claims-sadhu-did-not-die-of-hunger-in-ayodhya/8689/
SET_MAY_3	12		Sanga Reddy	Telangana	April 30, 2020	1	murder by father, unable to feed	The news minute	May 2, 2020	https://www.thenewsminute.com/article/telangana-man-allegedly-kills-4-yr-old-daughter-due-financial-stress-amid-lockdown-123783
SET_MAY_3	20		Saran 	Bihar	April 30, 2020	1	fell into river walking on rail bridge	hindustan times		https://ia601503.us.archive.org/26/items/NonVirusDeaths/english-2020-05-01.jpeg
SET_MAY_3	21			Bihar	April 30, 2020	2	hit by train while walking	hindustan times		https://ia601503.us.archive.org/26/items/NonVirusDeaths/english-2020-05-01.jpeg
SET_MAY_3	22	Padiyawali village 	Aligarh	Uttar Pradesh	April 30, 2020	3	Road accident while walking home	Hindi newspaper		https://ia801503.us.archive.org/26/items/NonVirusDeaths/hindi-2020-05-01.jpeg
SET_MAY_3	23	NH-31, Naugachia police district	Bhagalpur	Bihar	May 1, 2020	4	Road accident	NDTV	May 02, 2020	https://www.ndtv.com/cities/jharkhand-ranchi-couple-cycling-to-patna-hitches-ride-on-truck-killed-in-accident-2222283
SET_MAY_3	24		Ganjam	Odisha	May 02, 2020	1	Road accident, Migration	Economic Times	May 02, 2020	https://economictimes.indiatimes.com/news/politics-and-nation/1-killed-as-bus-ferrying-odia-migrants-from-gujarat-meets-with-accident/articleshow/75511733.cms?from=mdr
SET_MAY_3	70		Firozabad 	Uttar Pradesh	April 30, 2020	1	suicide, quarantine	National Herald 	April 30, 2020	https://www.nationalheraldindia.com/national/quarantined-railways-worker-hangs-self-report-comes-negative
SET_MAY_3	71		Chennai	Tamil Nadu	May 1, 2020	1	Suicide, stress after handling corona patients	India Today	May 1, 2020	https://www.indiatoday.in/india/story/medical-student-serving-covid-19-cases-found-dead-in-chennai-hostel-1673188-2020-05-01
SET_MAY_3	72		Kanpur	Uttar Pradesh	May 1, 2020	1	Suicide, stress	Hindustan Times	May 1, 2020	https://www.hindustantimes.com/india-news/covid-19-patient-admitted-to-hospital-in-up-dies-after-consuming-toxic-liquid/story-uih92venoF2M2yLhhB1DCJ.html
SET_MAY_3	73		Badohi	Uttar Pradesh	May 1, 2020	1	Suicide, freedom of movement	India Today	May 1, 2020	https://www.indiatoday.in/india/story/man-suicide-wife-mumbai-1673283-2020-05-01
SET_MAY_3	74	Dhrol	Jamnagar	Gujarat	May 1, 2020	1	Suicide, fear of uncertainity about education	Times of India	May 1, 2020	https://timesofindia.indiatimes.com/city/rajkot/former-mlas-daughter-ends-life-in-dhrol/articleshow/75478655.cms
SET_MAY_3	75		Surat	Gujarat	April 30, 2020	1	suicide, lack of freedom of movement	Navbharat times (hindi)	May 2, 2020	https://navbharattimes.indiatimes.com/state/gujarat/other-cities/man-kills-himself-after-father-scolded-him-for-breaking-lockdown-norms-for-his-girlfriend/articleshow/75502093.cms
SET_MAY_3	76	Ramanthapur	Hyderabad	Telangana	May 2, 2020	1	Suicide, Fear of infection 	Times of India	May 2, 2020	https://timesofindia.indiatimes.com/city/hyderabad/hyderabad-man-jumps-to-death-over-coronavirus-fear/articleshow/75506336.cms
SET_MAY_3	50		Hyderabad	Telangana	May 2, 2020	1	suicide, family doubts financial distress, not clear	PRAG News	May 2, 2020	https://pragnews.com/regional/assam-boy-stuck-in-hyderabad-due-to-lockdown-commits-suicide/
SET_MAY_3	51		Salem	Tamil Nadu	April 26, 2020	1	death due to mental agony, lockdown violation	New Indian Express	April 27, 2020	https://www.newindianexpress.com/states/tamil-nadu/2020/apr/27/son-violates-lockdown-aged-woman-dies-of-agony-2135782.html
SET_MAY_3	52	Amaanganj	Panna	Madhya Pradesh	April 29, 2020	1	suicide, quarantined, came home after no work	India Today	April 29, 2020	https://www.indiatoday.in/india/story/mp-labourer-commits-suicide-at-quarantine-facility-1672601-2020-04-29
